model,Accurary
svm,0.88564712
cnn,0.95684724